CREATE DATABASE  IF NOT EXISTS `petal` /*!40100 DEFAULT CHARACTER SET utf8 COLLATE utf8_bin */;
USE `petal`;
-- MySQL dump 10.13  Distrib 5.6.13, for Win32 (x86)
--
-- Host: localhost    Database: petal
-- ------------------------------------------------------
-- Server version	5.6.16

/*!40101 SET @OLD_CHARACTER_SET_CLIENT=@@CHARACTER_SET_CLIENT */;
/*!40101 SET @OLD_CHARACTER_SET_RESULTS=@@CHARACTER_SET_RESULTS */;
/*!40101 SET @OLD_COLLATION_CONNECTION=@@COLLATION_CONNECTION */;
/*!40101 SET NAMES utf8 */;
/*!40103 SET @OLD_TIME_ZONE=@@TIME_ZONE */;
/*!40103 SET TIME_ZONE='+00:00' */;
/*!40014 SET @OLD_UNIQUE_CHECKS=@@UNIQUE_CHECKS, UNIQUE_CHECKS=0 */;
/*!40014 SET @OLD_FOREIGN_KEY_CHECKS=@@FOREIGN_KEY_CHECKS, FOREIGN_KEY_CHECKS=0 */;
/*!40101 SET @OLD_SQL_MODE=@@SQL_MODE, SQL_MODE='NO_AUTO_VALUE_ON_ZERO' */;
/*!40111 SET @OLD_SQL_NOTES=@@SQL_NOTES, SQL_NOTES=0 */;

--
-- Table structure for table `assemblyitem`
--

DROP TABLE IF EXISTS `assemblyitem`;
/*!40101 SET @saved_cs_client     = @@character_set_client */;
/*!40101 SET character_set_client = utf8 */;
CREATE TABLE `assemblyitem` (
  `materialId` bigint(20) unsigned NOT NULL,
  `count` int(10) unsigned DEFAULT NULL,
  `assemblyruleId` bigint(20) NOT NULL,
  `beizhu` varchar(45) COLLATE utf8_bin DEFAULT NULL,
  PRIMARY KEY (`materialId`,`assemblyruleId`),
  KEY `fk_item_rule` (`assemblyruleId`),
  CONSTRAINT `fk_item_rule` FOREIGN KEY (`assemblyruleId`) REFERENCES `assemblyrule` (`id`) ON DELETE CASCADE ON UPDATE CASCADE
) ENGINE=InnoDB DEFAULT CHARSET=utf8 COLLATE=utf8_bin COMMENT='assemblyRule的组装集合项';
/*!40101 SET character_set_client = @saved_cs_client */;

--
-- Dumping data for table `assemblyitem`
--

LOCK TABLES `assemblyitem` WRITE;
/*!40000 ALTER TABLE `assemblyitem` DISABLE KEYS */;
INSERT INTO `assemblyitem` VALUES (472,1,1394268848374,''),(472,1,1394268849377,''),(472,1,1394268850231,''),(472,1,1394268851047,''),(473,1,1394268848374,''),(473,1,1394268849377,''),(473,1,1394268851047,''),(474,20,1394268848374,''),(474,20,1394268849377,''),(474,20,1394268851047,''),(475,8,1394268848374,''),(475,8,1394268849377,''),(475,8,1394268851047,''),(476,1,1394268848374,''),(476,1,1394268849377,''),(476,1,1394268850231,'紫色'),(476,1,1394268851047,''),(477,1,1394268848374,''),(477,1,1394268849377,''),(477,1,1394268851047,''),(478,1,1394268848374,''),(478,1,1394268849377,''),(478,1,1394268850231,''),(478,1,1394268851047,''),(479,6,1394268848374,''),(479,6,1394268849377,''),(479,6,1394268850231,''),(479,6,1394268851047,''),(479,12,1394268851888,''),(479,12,1394268852777,''),(479,12,1394268853654,''),(479,12,1394268854593,''),(480,10,1394268848374,''),(480,10,1394268849377,''),(481,11,1394268848374,''),(481,11,1394268849377,''),(481,7,1394268851047,''),(482,4,1394268848374,''),(482,4,1394268849377,''),(482,4,1394268850231,''),(482,4,1394268851047,''),(482,1,1394268851888,''),(482,1,1394268852777,''),(482,1,1394268853654,''),(482,1,1394268854593,''),(483,5,1394268848374,''),(483,5,1394268849377,''),(484,1,1394268848374,''),(484,1,1394268849377,''),(484,1,1394268850231,''),(484,1,1394268851047,''),(484,1,1394268851888,''),(484,1,1394268852777,''),(484,1,1394268853654,''),(484,1,1394268854593,''),(485,1,1394268848374,''),(485,1,1394268849377,''),(485,1,1394268850231,''),(485,1,1394268851047,''),(485,1,1394268851888,''),(485,1,1394268852777,''),(485,1,1394268853654,''),(485,1,1394268854593,''),(486,30,1394268848374,''),(486,30,1394268849377,''),(487,5,1394268848374,''),(487,5,1394268849377,''),(487,10,1394268851047,''),(488,1,1394268848374,''),(488,1,1394268849377,''),(489,1,1394268848374,''),(489,1,1394268849377,''),(489,1,1394268850231,''),(489,1,1394268851047,''),(490,1,1394268848374,''),(490,1,1394268849377,''),(490,1,1394268850231,''),(490,1,1394268851047,''),(490,1,1394268851888,''),(490,1,1394268852777,''),(490,1,1394268853654,''),(490,1,1394268854593,''),(491,1,1394268848374,''),(491,1,1394268849377,''),(491,1,1394268850231,''),(491,1,1394268851047,''),(491,1,1394268851888,''),(491,1,1394268852777,''),(491,1,1394268853654,''),(491,1,1394268854593,''),(492,24,1394268848374,''),(492,24,1394268849377,''),(492,24,1394268851047,''),(493,4,1394268848374,''),(493,4,1394268849377,''),(493,4,1394268851047,''),(494,1,1394268848374,''),(494,1,1394268849377,''),(494,4,1394268851047,''),(495,1,1394268850231,''),(496,20,1394268850231,''),(497,8,1394268850231,''),(498,1,1394268850231,''),(499,12,1394268850231,''),(500,14,1394268850231,''),(501,48,1394268850231,''),(501,18,1394268851047,''),(502,2,1394268850231,''),(503,4,1394268850231,''),(504,1,1394268850231,''),(505,4,1394268851047,''),(506,6,1394268851047,''),(507,1,1394268851047,''),(508,6,1394268851047,''),(509,6,1394268851047,''),(509,10,1394268853654,''),(509,1,1394268854593,''),(510,1,1394268851047,''),(510,1,1394268851888,''),(510,6,1394268852777,''),(511,1,1394268851888,''),(511,1,1394268852777,''),(511,1,1394268853654,''),(511,1,1394268854593,''),(512,1,1394268851888,''),(512,1,1394268852777,''),(512,1,1394268853654,''),(512,1,1394268854593,''),(513,1,1394268851888,''),(513,1,1394268852777,''),(513,1,1394268853654,''),(513,1,1394268854593,''),(514,40,1394268851888,''),(514,40,1394268852777,''),(514,40,1394268853654,''),(514,40,1394268854593,''),(515,8,1394268851888,''),(515,8,1394268852777,''),(515,8,1394268853654,''),(515,8,1394268854593,''),(516,1,1394268851888,''),(516,1,1394268852777,''),(516,1,1394268853654,''),(516,1,1394268854593,''),(517,2,1394268851888,''),(517,2,1394268852777,''),(517,2,1394268853654,''),(517,2,1394268854593,''),(518,1,1394268851888,''),(518,1,1394268852777,''),(518,1,1394268853654,''),(518,1,1394268854593,''),(519,7,1394268851888,''),(519,13,1394268852777,''),(519,10,1394268853654,''),(520,8,1394268851888,''),(521,24,1394268851888,''),(521,24,1394268852777,''),(521,24,1394268853654,''),(521,24,1394268854593,''),(522,14,1394268851888,''),(523,1,1394268851888,''),(524,1,1394268851888,''),(524,1,1394268852777,''),(524,1,1394268853654,''),(524,1,1394268854593,''),(525,4,1394268851888,''),(525,4,1394268852777,''),(525,4,1394268853654,''),(525,4,1394268854593,''),(526,10,1394268851888,''),(527,12,1394268852777,''),(528,6,1394268852777,''),(528,10,1394268854593,''),(529,12,1394268852777,''),(529,12,1394268853654,''),(529,5,1394268854593,''),(530,1,1394268852777,''),(531,1,1394268852777,''),(532,12,1394268853654,''),(533,12,1394268853654,''),(534,24,1394268853654,''),(535,1,1394268853654,''),(536,10,1394268854593,''),(537,6,1394268854593,''),(538,10,1394268854593,''),(539,1,1394268854593,'');
/*!40000 ALTER TABLE `assemblyitem` ENABLE KEYS */;
UNLOCK TABLES;

--
-- Table structure for table `assemblyrule`
--

DROP TABLE IF EXISTS `assemblyrule`;
/*!40101 SET @saved_cs_client     = @@character_set_client */;
/*!40101 SET character_set_client = utf8 */;
CREATE TABLE `assemblyrule` (
  `id` bigint(20) NOT NULL,
  `productId` bigint(20) NOT NULL,
  PRIMARY KEY (`id`),
  KEY `fk_rule_product` (`productId`),
  CONSTRAINT `fk_rule_product` FOREIGN KEY (`productId`) REFERENCES `product` (`id`) ON DELETE CASCADE ON UPDATE CASCADE
) ENGINE=InnoDB DEFAULT CHARSET=utf8 COLLATE=utf8_bin;
/*!40101 SET character_set_client = @saved_cs_client */;

--
-- Dumping data for table `assemblyrule`
--

LOCK TABLES `assemblyrule` WRITE;
/*!40000 ALTER TABLE `assemblyrule` DISABLE KEYS */;
INSERT INTO `assemblyrule` VALUES (1394268848374,46),(1394268849377,46),(1394268850231,47),(1394268851047,48),(1394268851888,49),(1394268852777,50),(1394268853654,51),(1394268854593,52);
/*!40000 ALTER TABLE `assemblyrule` ENABLE KEYS */;
UNLOCK TABLES;

--
-- Table structure for table `material`
--

DROP TABLE IF EXISTS `material`;
/*!40101 SET @saved_cs_client     = @@character_set_client */;
/*!40101 SET character_set_client = utf8 */;
CREATE TABLE `material` (
  `id` bigint(20) NOT NULL AUTO_INCREMENT,
  `identifier` varchar(45) COLLATE utf8_bin DEFAULT NULL,
  `name` varchar(45) COLLATE utf8_bin DEFAULT NULL,
  `categoryId` bigint(20) DEFAULT NULL,
  `guige` varchar(45) COLLATE utf8_bin DEFAULT NULL,
  `yanse` varchar(10) COLLATE utf8_bin DEFAULT NULL,
  `danwei` varchar(4) COLLATE utf8_bin DEFAULT NULL,
  `jinjia` double DEFAULT NULL,
  `beizhu` varchar(100) COLLATE utf8_bin DEFAULT NULL,
  PRIMARY KEY (`id`),
  UNIQUE KEY `name_UNIQUE` (`name`),
  KEY `fk_material_category` (`categoryId`),
  CONSTRAINT `fk_material_category` FOREIGN KEY (`categoryId`) REFERENCES `materialcategory` (`id`) ON DELETE SET NULL ON UPDATE SET NULL
) ENGINE=InnoDB AUTO_INCREMENT=540 DEFAULT CHARSET=utf8 COLLATE=utf8_bin;
/*!40101 SET character_set_client = @saved_cs_client */;

--
-- Dumping data for table `material`
--

LOCK TABLES `material` WRITE;
/*!40000 ALTER TABLE `material` DISABLE KEYS */;
INSERT INTO `material` VALUES (472,'20140308165407-2','580X780不锈铁',NULL,NULL,'',NULL,17,NULL),(473,'20140308165407-3','48X485工字挂板',NULL,NULL,'',NULL,1.3,NULL),(474,'20140308165407-4','645贴片5挖',NULL,NULL,'',NULL,0.52,NULL),(475,'20140308165407-5','5+2孔亚克力',NULL,NULL,'8孔',NULL,0.14,NULL),(476,'20140308165407-6','710,510x10.670,470x4,7厘棒',10,NULL,'X12',NULL,4.5,NULL),(477,'20140308165407-7','5-025瓦驱动',NULL,NULL,'',NULL,3,NULL),(478,'20140308165407-8','2路遥控开关',NULL,NULL,'',NULL,11,NULL),(479,'20140308165407-9','灯头',NULL,NULL,'',NULL,0.46,NULL),(480,'20140308165407-10','U型亚克力',NULL,NULL,'',NULL,0.4,NULL),(481,'20140308165407-11','镀彩塑料桃子',NULL,NULL,'6X150',NULL,0.6,NULL),(482,'20140308165407-12','挂板螺丝',NULL,NULL,'',NULL,2,NULL),(483,'20140308165407-13','大号水滴',NULL,NULL,'',NULL,0.13,NULL),(484,'20140308165407-14','猫眼加螺丝',NULL,NULL,'',NULL,0.5,NULL),(485,'20140308165407-15','630X430钢化玻璃',NULL,NULL,'',NULL,8.2,NULL),(486,'20140308165407-16','14八角珠3粒塑料',NULL,NULL,'3粒',NULL,0.05,NULL),(487,'20140308165407-17','        4粒塑料',NULL,NULL,'5粒',NULL,0.07,NULL),(488,'20140308165407-18','82X62X8CM泡沫,9479大图',NULL,NULL,'',NULL,4.5,NULL),(489,'20140308165407-19','83X63X13.5CM纸箱',NULL,NULL,'',NULL,7,NULL),(490,'20140308165407-20','人工',NULL,NULL,'',NULL,7,NULL),(491,'20140308165407-21','损耗',NULL,NULL,'',NULL,3,NULL),(492,'20140308165407-22','4X10螺丝',NULL,NULL,'',NULL,0.03,NULL),(493,'20140308165407-23','6X90内牙管加玻璃螺丝',NULL,NULL,'6X110',NULL,0.15,NULL),(494,'20140308165407-25','14八角珠5粒塑料',NULL,NULL,'',NULL,0.1,NULL),(495,'20140308165409-3','480X480工字挂板',NULL,NULL,'',NULL,1.3,NULL),(496,'20140308165409-4','645贴片5瓦',NULL,NULL,'',NULL,0.5,NULL),(497,'20140308165409-5','7孔亚克力',NULL,NULL,'8孔',NULL,0.14,NULL),(498,'20140308165409-7','8-25控制器',NULL,NULL,'',NULL,3,NULL),(499,'20140308165409-10','U型七彩片',NULL,NULL,'',NULL,0.6,NULL),(500,'20140308165409-11','镀彩塑料件',NULL,NULL,'',NULL,0.6,NULL),(501,'20140308165409-16','14八角珠2粒塑料',NULL,NULL,'3粒',NULL,0.04,NULL),(502,'20140308165409-17','        3粒塑料',NULL,NULL,'7粒',NULL,0.1,NULL),(503,'20140308165409-19','6X90内牙管加玻璃螺丝各',NULL,NULL,'6X110',NULL,0.13,NULL),(504,'20140308165409-20','82X62X7CM泡沫9480',NULL,NULL,'',NULL,4.5,NULL),(505,'20140308165410-10','镀彩孔雀',NULL,NULL,'',NULL,0.6,NULL),(506,'20140308165410-13','U型彩片',NULL,NULL,'',NULL,0.5,NULL),(507,'20140308165410-18','82X62X8CM泡沫,9481大图',NULL,NULL,'',NULL,4.5,NULL),(508,'20140308165410-24','大号水滴青光',NULL,NULL,'',NULL,0.13,NULL),(509,'20140308165410-26','14八角珠6粒',NULL,NULL,'',NULL,0.15,NULL),(510,'20140308165410-27','14八角珠7粒',NULL,NULL,'',NULL,0.15,NULL),(511,'20140308165411-1','750x550铁底盘',NULL,NULL,'',NULL,12,NULL),(512,'20140308165411-2','750X550不锈铁',NULL,NULL,'',NULL,11.2,NULL),(513,'20140308165411-3','350X550工字挂板',NULL,NULL,'',NULL,1.3,NULL),(514,'20140308165411-4','495贴片*5W',NULL,NULL,'',NULL,0.5,NULL),(515,'20140308165411-5','9482亚克力',NULL,NULL,'',NULL,0.35,NULL),(516,'20140308165411-6','28三角棒',NULL,NULL,'',NULL,20,NULL),(517,'20140308165411-7','30-50控制器',NULL,NULL,'',NULL,3.8,NULL),(518,'20140308165411-8','3路遥控开关',NULL,NULL,'',NULL,12,NULL),(519,'20140308165411-10','白加黄小白菜',NULL,NULL,'',NULL,0.4,NULL),(520,'20140308165411-11','蓝色喇叭各',NULL,NULL,'',NULL,0.5,NULL),(521,'20140308165411-13','4X10带垫螺丝加戒指',NULL,NULL,'',NULL,0.02,NULL),(522,'20140308165411-16','14八角珠5粒',NULL,NULL,'',NULL,0.12,NULL),(523,'20140308165411-19','9482图',NULL,NULL,'',NULL,6,NULL),(524,'20140308165411-20','86*66*15CM纸箱',NULL,NULL,'',NULL,7.5,NULL),(525,'20140308165411-23','6X130内牙管，玻璃螺丝各',NULL,NULL,'',NULL,0.15,NULL),(526,'20140308165411-24','小鱼叉',NULL,NULL,'',NULL,NULL,NULL),(527,'20140308165412-11','黄色喇叭',NULL,NULL,'',NULL,0.4,NULL),(528,'20140308165412-16','14八角珠3粒',NULL,NULL,'',NULL,0.05,NULL),(529,'20140308165412-17','14八角珠4粒',NULL,NULL,'',NULL,0.1,NULL),(530,'20140308165412-19','14八角珠9粒',NULL,NULL,'',NULL,0.2,NULL),(531,'20140308165412-20','9483图',NULL,NULL,'',NULL,6,NULL),(532,'20140308165413-10','10厘小圆珠40粒',NULL,NULL,'',NULL,0.8,NULL),(533,'20140308165413-11','琥珀色花心',NULL,NULL,'',NULL,0.35,NULL),(534,'20140308165413-16','14八角珠2粒',NULL,NULL,'',NULL,0.05,NULL),(535,'20140308165413-20','9485图',NULL,NULL,'',NULL,6,NULL),(536,'20140308165414-10','五爪玻璃花',NULL,NULL,'',NULL,1.1,NULL),(537,'20140308165414-11','青光花加琥珀心',NULL,NULL,'',NULL,0.9,NULL),(538,'20140308165414-12','青光大水滴',NULL,NULL,'',NULL,0.13,NULL),(539,'20140308165414-20','9486图',NULL,NULL,'',NULL,6,NULL);
/*!40000 ALTER TABLE `material` ENABLE KEYS */;
UNLOCK TABLES;

--
-- Table structure for table `materialcategory`
--

DROP TABLE IF EXISTS `materialcategory`;
/*!40101 SET @saved_cs_client     = @@character_set_client */;
/*!40101 SET character_set_client = utf8 */;
CREATE TABLE `materialcategory` (
  `id` bigint(20) NOT NULL AUTO_INCREMENT,
  `name` varchar(45) COLLATE utf8_bin NOT NULL,
  PRIMARY KEY (`id`)
) ENGINE=InnoDB AUTO_INCREMENT=11 DEFAULT CHARSET=utf8 COLLATE=utf8_bin;
/*!40101 SET character_set_client = @saved_cs_client */;

--
-- Dumping data for table `materialcategory`
--

LOCK TABLES `materialcategory` WRITE;
/*!40000 ALTER TABLE `materialcategory` DISABLE KEYS */;
INSERT INTO `materialcategory` VALUES (10,'青光');
/*!40000 ALTER TABLE `materialcategory` ENABLE KEYS */;
UNLOCK TABLES;

--
-- Table structure for table `product`
--

DROP TABLE IF EXISTS `product`;
/*!40101 SET @saved_cs_client     = @@character_set_client */;
/*!40101 SET character_set_client = utf8 */;
CREATE TABLE `product` (
  `id` bigint(20) NOT NULL AUTO_INCREMENT,
  `name` varchar(45) COLLATE utf8_bin DEFAULT NULL,
  `img` varchar(45) COLLATE utf8_bin DEFAULT NULL,
  `introduction` varchar(500) COLLATE utf8_bin DEFAULT NULL,
  `manufacturers` varchar(45) COLLATE utf8_bin DEFAULT NULL,
  `xinghao` varchar(45) COLLATE utf8_bin DEFAULT NULL,
  PRIMARY KEY (`id`),
  UNIQUE KEY `name_UNIQUE` (`name`)
) ENGINE=InnoDB AUTO_INCREMENT=53 DEFAULT CHARSET=utf8 COLLATE=utf8_bin;
/*!40101 SET character_set_client = @saved_cs_client */;

--
-- Dumping data for table `product`
--

LOCK TABLES `product` WRITE;
/*!40000 ALTER TABLE `product` DISABLE KEYS */;
INSERT INTO `product` VALUES (46,'9479定',NULL,NULL,'胜辉数码灯饰',NULL),(47,'9480.550X780定',NULL,NULL,'胜辉数码灯饰',NULL),(48,'9481定',NULL,NULL,'胜辉数码灯饰',NULL),(49,'9482定',NULL,NULL,'胜辉数码灯饰',NULL),(50,'9483定',NULL,NULL,'胜辉数码灯饰',NULL),(51,'9485定',NULL,NULL,'胜辉数码灯饰',NULL),(52,'9486定',NULL,NULL,'胜辉数码灯饰',NULL);
/*!40000 ALTER TABLE `product` ENABLE KEYS */;
UNLOCK TABLES;

--
-- Table structure for table `user`
--

DROP TABLE IF EXISTS `user`;
/*!40101 SET @saved_cs_client     = @@character_set_client */;
/*!40101 SET character_set_client = utf8 */;
CREATE TABLE `user` (
  `id` bigint(20) NOT NULL,
  `username` varchar(255) COLLATE utf8_bin DEFAULT NULL,
  `password` varchar(255) COLLATE utf8_bin DEFAULT NULL,
  PRIMARY KEY (`id`)
) ENGINE=InnoDB DEFAULT CHARSET=utf8 COLLATE=utf8_bin;
/*!40101 SET character_set_client = @saved_cs_client */;

--
-- Dumping data for table `user`
--

LOCK TABLES `user` WRITE;
/*!40000 ALTER TABLE `user` DISABLE KEYS */;
/*!40000 ALTER TABLE `user` ENABLE KEYS */;
UNLOCK TABLES;
/*!40103 SET TIME_ZONE=@OLD_TIME_ZONE */;

/*!40101 SET SQL_MODE=@OLD_SQL_MODE */;
/*!40014 SET FOREIGN_KEY_CHECKS=@OLD_FOREIGN_KEY_CHECKS */;
/*!40014 SET UNIQUE_CHECKS=@OLD_UNIQUE_CHECKS */;
/*!40101 SET CHARACTER_SET_CLIENT=@OLD_CHARACTER_SET_CLIENT */;
/*!40101 SET CHARACTER_SET_RESULTS=@OLD_CHARACTER_SET_RESULTS */;
/*!40101 SET COLLATION_CONNECTION=@OLD_COLLATION_CONNECTION */;
/*!40111 SET SQL_NOTES=@OLD_SQL_NOTES */;

-- Dump completed on 2014-03-30  0:31:50
